{
  "metrics": {
    "breast": {
      "accuracy": 0.86,
      "calibration_samples": 100,
      "f1": 0.901408,
      "precision": 0.853333,
      "recall": 0.955224,
      "score_transform": "identity"
    },
    "cervical": {
      "accuracy": 0.92,
      "calibration_samples": 100,
      "f1": 0.923077,
      "precision": 0.872727,
      "recall": 0.979592,
      "score_transform": "inverse"
    },
    "pcos": {
      "accuracy": 0.550459,
      "best_cv_f1": 0.547143,
      "best_estimator": "ExtraTreesClassifier",
      "classification_report": {
        "0": {
          "f1-score": 0.5333333333333333,
          "precision": 0.875,
          "recall": 0.3835616438356164,
          "support": 73.0
        },
        "1": {
          "f1-score": 0.5663716814159292,
          "precision": 0.4155844155844156,
          "recall": 0.8888888888888888,
          "support": 36.0
        },
        "accuracy": 0.5504587155963303,
        "macro avg": {
          "f1-score": 0.5498525073746312,
          "precision": 0.6452922077922079,
          "recall": 0.6362252663622526,
          "support": 109.0
        },
        "weighted avg": {
          "f1-score": 0.5442450813239154,
          "precision": 0.7232664124865961,
          "recall": 0.5504587155963303,
          "support": 109.0
        }
      },
      "f1": 0.566372,
      "feature_order": [
        "beta_hcg_1",
        "beta_hcg_2",
        "amh"
      ],
      "precision": 0.415584,
      "recall": 0.888889
    }
  },
  "score_transforms": {
    "breast": "identity",
    "cervical": "inverse",
    "pcos": "identity"
  },
  "thresholds": {
    "breast": 0.355,
    "cervical": 0.345,
    "pcos": 0.385
  }
}
